{"timestamps": [1507960463.457923, 1507960465.318186, 1507960465.377145, 1507960465.378926, 1507960465.380634, 1507960465.382256, 1507960465.383859, 1507960465.385577, 1507960467.191814, 1507960467.254618, 1507960467.256475, 1507960467.258175, 1507960467.259788, 1507960467.261464, 1507960467.26379, 1507960467.265794, 1507960467.268095, 1507960467.270074, 1507960467.271962, 1507960467.273603, 1507960467.275192, 1507960467.2768, 1507960467.278404, 1507960467.28, 1507960467.281645, 1507960467.283259, 1507960467.28486, 1507960469.093095, 1507960469.151688, 1507960469.153524, 1507960469.155195, 1507960469.157175, 1507960469.159028, 1507960469.160761, 1507960469.162396, 1507960469.164075, 1507960469.166147, 1507960469.167807, 1507960469.169529, 1507960469.171165, 1507960469.173062, 1507960469.174733, 1507960469.176348, 1507960469.177945, 1507960469.179916, 1507960469.182163, 1507960469.183851, 1507960469.185487, 1507960469.187231, 1507960469.189341, 1507960469.190989, 1507960469.192603, 1507960469.194209, 1507960469.196096, 1507960469.198662, 1507960469.200816, 1507960469.203669, 1507960469.206906, 1507960469.208914, 1507960469.21095, 1507960469.21304, 1507960469.215377, 1507960469.217146, 1507960469.21882, 1507960471.100926, 1507960471.169794, 1507960471.171525, 1507960471.173195, 1507960471.174796, 1507960471.1764, 1507960471.179248, 1507960471.180927, 1507960471.182541, 1507960471.184158, 1507960471.185763, 1507960471.187355, 1507960471.18896, 1507960471.190565, 1507960471.1922, 1507960471.193797, 1507960471.19539, 1507960471.196982, 1507960471.198578, 1507960471.200436, 1507960471.202052, 1507960471.203645, 1507960471.20523, 1507960471.206806, 1507960471.208416, 1507960471.210077, 1507960471.211685, 1507960471.213288, 1507960471.214871, 1507960471.216679, 1507960471.218294, 1507960471.219887, 1507960471.221513, 1507960471.223117, 1507960471.224926, 1507960471.226589], "initial_reset_timestamp": 1507960460.78068, "episode_types": ["t", "t", "t", "t", "t", "t", "t", "t", "t", "t", "t", "t", "t", "t", "t", "t", "t", "t", "t", "t", "t", "t", "t", "t", "t", "t", "t", "t", "t", "t", "t", "t", "t", "t", "t", "t", "t", "t", "t", "t", "t", "t", "t", "t", "t", "t", "t", "t", "t", "t", "t", "t", "t", "t", "t", "t", "t", "t", "t", "t", "t", "t", "t", "t", "t", "t", "t", "t", "t", "t", "t", "t", "t", "t", "t", "t", "t", "t", "t", "t", "t", "t", "t", "t", "t", "t", "t", "t", "t", "t", "t", "t", "t", "t", "t", "t", "t", "t", "t", "t"], "episode_lengths": [200, 200, 200, 200, 200, 200, 200, 200, 200, 200, 200, 200, 200, 200, 200, 200, 200, 200, 200, 200, 200, 200, 200, 200, 200, 200, 200, 200, 200, 200, 200, 200, 200, 200, 200, 200, 200, 200, 200, 200, 200, 200, 200, 200, 200, 200, 200, 200, 200, 200, 200, 200, 200, 200, 200, 200, 200, 200, 200, 200, 200, 200, 200, 200, 200, 200, 200, 200, 200, 200, 200, 200, 200, 200, 200, 200, 200, 200, 200, 200, 200, 200, 200, 200, 200, 200, 200, 200, 200, 200, 200, 200, 200, 200, 200, 200, 200, 200, 200, 200], "episode_rewards": [200.0, 200.0, 200.0, 200.0, 200.0, 200.0, 200.0, 200.0, 200.0, 200.0, 200.0, 200.0, 200.0, 200.0, 200.0, 200.0, 200.0, 200.0, 200.0, 200.0, 200.0, 200.0, 200.0, 200.0, 200.0, 200.0, 200.0, 200.0, 200.0, 200.0, 200.0, 200.0, 200.0, 200.0, 200.0, 200.0, 200.0, 200.0, 200.0, 200.0, 200.0, 200.0, 200.0, 200.0, 200.0, 200.0, 200.0, 200.0, 200.0, 200.0, 200.0, 200.0, 200.0, 200.0, 200.0, 200.0, 200.0, 200.0, 200.0, 200.0, 200.0, 200.0, 200.0, 200.0, 200.0, 200.0, 200.0, 200.0, 200.0, 200.0, 200.0, 200.0, 200.0, 200.0, 200.0, 200.0, 200.0, 200.0, 200.0, 200.0, 200.0, 200.0, 200.0, 200.0, 200.0, 200.0, 200.0, 200.0, 200.0, 200.0, 200.0, 200.0, 200.0, 200.0, 200.0, 200.0, 200.0, 200.0, 200.0, 200.0]}